insert into Hotels (name, rating, description, city) values ('Hotel Holt', 3, 'Fínt hótel með góðri þjónustu, nálægt miðbæ Reykjavíkur', "Reykjavík");
insert into Hotels (name, rating, description, city) values ('Hotel Borg', 4, 'Hótel staðset í miðbæ Reykjavíkur', "Reykjavík");
insert into Hotels (name, rating, description, city) values ('Hotel Foss', 4, 'Virkilega flott hótel', "Reykjavík");
insert into Hotels (name, rating, description, city) values ('Hotel Park', 5, 'Ekkert sem toppar þetta hótel!', "Reykjavík");
insert into Hotels (name, rating, description, city) values ('Hotel City', 5, 'Frábært hótel á besta stað', "Reykjavík");
insert into Hotels (name, rating, description, city) values ('Hotel Hlemmur Square', 2, 'Ódýrt hótel á góðri staðsetningu', "Reykjavík");
insert into Hotels (name, rating, description, city) values ('Hotel Artic Comfort', 2, 'Gott hótel en smá labb í miðbæinn', "Reykjavík");
insert into Hotels (name, rating, description, city) values ('Hotel Hilton', 4, 'Skemmtilegt fjölskylduhótel með góðan morgunverð', "Reykjavík");

insert into Hotels (name, rating, description, city) values ('Hotel Hlíðarfjall', 3, 'Frábært fyrir skíðafólk', "Akureyri");
insert into Hotels (name, rating, description, city) values ('Hotel Leifur Eiríksson', 4, 'Staðsett í mibæ Akureyrar, gerist varla betra', "Akureyri");
insert into Hotels (name, rating, description, city) values ('Hotel Edda', 2, 'Ódýrt hótel nálæt sundlaug', "Akureyri");
insert into Hotels (name, rating, description, city) values ('Hotel Kea', 4, 'Frábært hótel nálægt miðbænum', "Akureyri");
insert into Hotels (name, rating, description, city) values ('Hotel Tryggvi', 3, 'Nýtt hótel sem verður betra með árinu', "Akureyri");

insert into Hotels (name, rating, description, city) values ('Hotel Fjörður', 3, 'Fyrir ofan besta veitingastað bæjarins', "Ísafjörður");
insert into Hotels (name, rating, description, city) values ('Hotel Gentlespace', 4, 'Hótel fyrir alla fjölskylduna', "Ísafjörður");
insert into Hotels (name, rating, description, city) values ('Hotel Kaldi', 3, 'Nálægt miðbænum', "Ísafjörður");

insert into Hotels (name, rating, description, city) values ('Hotel Egill Daði', 3, 'Fyrir ofan besta veitingastað bæjarins', "Egilsstaðir");
insert into Hotels (name, rating, description, city) values ('Hotel Hérað', 4, 'Ódýrt og flott hótal aðeins fyrir utan bæinn', "Egilsstaðir");
insert into Hotels (name, rating, description, city) values ('Hotel Lake', 5, 'Með betri hótelum landsins', "Egilsstaðir");


insert into Rooms (id, hotel_name, hotel_city, size, price, bed_count) values (1, 'Hotel Holt', 'Reykjavík', 15, 16662, 4);
insert into Rooms (id, hotel_name, hotel_city, size, price, bed_count) values (2, 'Hotel Holt', 'Reykjavík', 18, 19136, 3);
insert into Rooms (id, hotel_name, hotel_city, size, price, bed_count) values (3, 'Hotel Holt', 'Reykjavík', 14, 24975, 8);
insert into Rooms (id, hotel_name, hotel_city, size, price, bed_count) values (4, 'Hotel Holt', 'Reykjavík', 17, 7821, 4);
insert into Rooms (id, hotel_name, hotel_city, size, price, bed_count) values (5, 'Hotel Holt', 'Reykjavík', 18, 8451, 1);
insert into Rooms (id, hotel_name, hotel_city, size, price, bed_count) values (6, 'Hotel Holt', 'Reykjavík', 13, 16657, 7);
insert into Rooms (id, hotel_name, hotel_city, size, price, bed_count) values (7, 'Hotel Holt', 'Reykjavík', 17, 8538, 4);
insert into Rooms (id, hotel_name, hotel_city, size, price, bed_count) values (8, 'Hotel Borg', 'Reykjavík', 19, 7530, 5);
insert into Rooms (id, hotel_name, hotel_city, size, price, bed_count) values (9, 'Hotel Borg', 'Reykjavík', 17, 14636, 2);
insert into Rooms (id, hotel_name, hotel_city, size, price, bed_count) values (10, 'Hotel Borg', 'Reykjavík', 16, 11558, 7);
insert into Rooms (id, hotel_name, hotel_city, size, price, bed_count) values (11, 'Hotel Borg', 'Reykjavík', 13, 9870, 2);
insert into Rooms (id, hotel_name, hotel_city, size, price, bed_count) values (12, 'Hotel Foss', 'Reykjavík', 17, 21049, 8);
insert into Rooms (id, hotel_name, hotel_city, size, price, bed_count) values (13, 'Hotel Foss', 'Reykjavík', 19, 11012, 3);
insert into Rooms (id, hotel_name, hotel_city, size, price, bed_count) values (14, 'Hotel Foss', 'Reykjavík', 17, 23531, 6);
insert into Rooms (id, hotel_name, hotel_city, size, price, bed_count) values (15, 'Hotel Foss', 'Reykjavík', 20, 13411, 3);
insert into Rooms (id, hotel_name, hotel_city, size, price, bed_count) values (16, 'Hotel Foss', 'Reykjavík', 20, 18288, 3);
insert into Rooms (id, hotel_name, hotel_city, size, price, bed_count) values (17, 'Hotel Foss', 'Reykjavík', 14, 10270, 2);
insert into Rooms (id, hotel_name, hotel_city, size, price, bed_count) values (18, 'Hotel Park', 'Reykjavík', 18, 24966, 4);
insert into Rooms (id, hotel_name, hotel_city, size, price, bed_count) values (19, 'Hotel Park', 'Reykjavík', 18, 12994, 5);
insert into Rooms (id, hotel_name, hotel_city, size, price, bed_count) values (20, 'Hotel Park', 'Reykjavík', 18, 11888, 8);
insert into Rooms (id, hotel_name, hotel_city, size, price, bed_count) values (21, 'Hotel Park', 'Reykjavík', 14, 16787, 2);
insert into Rooms (id, hotel_name, hotel_city, size, price, bed_count) values (22, 'Hotel Park', 'Reykjavík', 18, 11960, 2);
insert into Rooms (id, hotel_name, hotel_city, size, price, bed_count) values (23, 'Hotel City', 'Reykjavík', 18, 12624, 1);
insert into Rooms (id, hotel_name, hotel_city, size, price, bed_count) values (24, 'Hotel City', 'Reykjavík', 14, 12347, 7);
insert into Rooms (id, hotel_name, hotel_city, size, price, bed_count) values (25, 'Hotel City', 'Reykjavík', 19, 13135, 8);
insert into Rooms (id, hotel_name, hotel_city, size, price, bed_count) values (26, 'Hotel City', 'Reykjavík', 17, 12771, 4);
insert into Rooms (id, hotel_name, hotel_city, size, price, bed_count) values (27, 'Hotel Hlemmur Square', 'Reykjavík', 17, 21009, 2);
insert into Rooms (id, hotel_name, hotel_city, size, price, bed_count) values (28, 'Hotel Hlemmur Square', 'Reykjavík', 14, 23136, 2);
insert into Rooms (id, hotel_name, hotel_city, size, price, bed_count) values (29, 'Hotel Hlemmur Square', 'Reykjavík', 14, 16813, 4);
insert into Rooms (id, hotel_name, hotel_city, size, price, bed_count) values (30, 'Hotel Hlemmur Square', 'Reykjavík', 18, 20513, 4);
insert into Rooms (id, hotel_name, hotel_city, size, price, bed_count) values (31, 'Hotel Hlemmur Square', 'Reykjavík', 14, 14030, 4);
insert into Rooms (id, hotel_name, hotel_city, size, price, bed_count) values (32, 'Hotel Hlemmur Square', 'Reykjavík', 19, 24362, 3);
insert into Rooms (id, hotel_name, hotel_city, size, price, bed_count) values (33, 'Hotel Hlemmur Square', 'Reykjavík', 16, 17009, 3);
insert into Rooms (id, hotel_name, hotel_city, size, price, bed_count) values (34, 'Hotel Hlemmur Square', 'Reykjavík', 14, 12943, 5);
insert into Rooms (id, hotel_name, hotel_city, size, price, bed_count) values (35, 'Hotel Artic Comfort', 'Reykjavík', 14, 13410, 1);
insert into Rooms (id, hotel_name, hotel_city, size, price, bed_count) values (36, 'Hotel Artic Comfort', 'Reykjavík', 19, 19903, 3);
insert into Rooms (id, hotel_name, hotel_city, size, price, bed_count) values (37, 'Hotel Artic Comfort', 'Reykjavík', 18, 17941, 2);
insert into Rooms (id, hotel_name, hotel_city, size, price, bed_count) values (38, 'Hotel Artic Comfort', 'Reykjavík', 20, 24355, 6);
insert into Rooms (id, hotel_name, hotel_city, size, price, bed_count) values (39, 'Hotel Artic Comfort', 'Reykjavík', 19, 21596, 4);
insert into Rooms (id, hotel_name, hotel_city, size, price, bed_count) values (40, 'Hotel Hilton', 'Reykjavík', 15, 13403, 2);
insert into Rooms (id, hotel_name, hotel_city, size, price, bed_count) values (41, 'Hotel Hilton', 'Reykjavík', 17, 22230, 1);
insert into Rooms (id, hotel_name, hotel_city, size, price, bed_count) values (42, 'Hotel Hilton', 'Reykjavík', 13, 20613, 2);
insert into Rooms (id, hotel_name, hotel_city, size, price, bed_count) values (43, 'Hotel Hilton', 'Reykjavík', 19, 21114, 7);
insert into Rooms (id, hotel_name, hotel_city, size, price, bed_count) values (44, 'Hotel Hilton', 'Reykjavík', 20, 14540, 7);
insert into Rooms (id, hotel_name, hotel_city, size, price, bed_count) values (45, 'Hotel Hilton', 'Reykjavík', 15, 13247, 6);
insert into Rooms (id, hotel_name, hotel_city, size, price, bed_count) values (46, 'Hotel Hlíðarfjall', 'Akureyri', 19, 19047, 5);
insert into Rooms (id, hotel_name, hotel_city, size, price, bed_count) values (47, 'Hotel Hlíðarfjall', 'Akureyri', 19, 13059, 4);
insert into Rooms (id, hotel_name, hotel_city, size, price, bed_count) values (48, 'Hotel Hlíðarfjall', 'Akureyri', 14, 20288, 1);
insert into Rooms (id, hotel_name, hotel_city, size, price, bed_count) values (49, 'Hotel Hlíðarfjall', 'Akureyri', 14, 11215, 6);
insert into Rooms (id, hotel_name, hotel_city, size, price, bed_count) values (50, 'Hotel Hlíðarfjall', 'Akureyri', 15, 24576, 5);
insert into Rooms (id, hotel_name, hotel_city, size, price, bed_count) values (51, 'Hotel Leifur Eiríksson', 'Akureyri', 13, 17631, 8);
insert into Rooms (id, hotel_name, hotel_city, size, price, bed_count) values (52, 'Hotel Leifur Eiríksson', 'Akureyri', 19, 23391, 8);
insert into Rooms (id, hotel_name, hotel_city, size, price, bed_count) values (53, 'Hotel Leifur Eiríksson', 'Akureyri', 15, 19085, 7);
insert into Rooms (id, hotel_name, hotel_city, size, price, bed_count) values (54, 'Hotel Leifur Eiríksson', 'Akureyri', 20, 13301, 1);
insert into Rooms (id, hotel_name, hotel_city, size, price, bed_count) values (55, 'Hotel Leifur Eiríksson', 'Akureyri', 18, 24149, 6);
insert into Rooms (id, hotel_name, hotel_city, size, price, bed_count) values (56, 'Hotel Edda', 'Akureyri', 15, 12907, 8);
insert into Rooms (id, hotel_name, hotel_city, size, price, bed_count) values (57, 'Hotel Edda', 'Akureyri', 20, 9916, 5);
insert into Rooms (id, hotel_name, hotel_city, size, price, bed_count) values (58, 'Hotel Edda', 'Akureyri', 14, 11021, 2);
insert into Rooms (id, hotel_name, hotel_city, size, price, bed_count) values (59, 'Hotel Kea', 'Akureyri', 14, 24208, 8);
insert into Rooms (id, hotel_name, hotel_city, size, price, bed_count) values (60, 'Hotel Kea', 'Akureyri', 17, 8988, 1);
insert into Rooms (id, hotel_name, hotel_city, size, price, bed_count) values (61, 'Hotel Kea', 'Akureyri', 16, 12525, 1);
insert into Rooms (id, hotel_name, hotel_city, size, price, bed_count) values (62, 'Hotel Kea', 'Akureyri', 18, 19179, 2);
insert into Rooms (id, hotel_name, hotel_city, size, price, bed_count) values (63, 'Hotel Tryggvi', 'Akureyri', 19, 8284, 7);
insert into Rooms (id, hotel_name, hotel_city, size, price, bed_count) values (64, 'Hotel Tryggvi', 'Akureyri', 17, 11858, 1);
insert into Rooms (id, hotel_name, hotel_city, size, price, bed_count) values (65, 'Hotel Tryggvi', 'Akureyri', 17, 12898, 7);
insert into Rooms (id, hotel_name, hotel_city, size, price, bed_count) values (66, 'Hotel Fjörður', 'Ísafjörður', 14, 24432, 1);
insert into Rooms (id, hotel_name, hotel_city, size, price, bed_count) values (67, 'Hotel Fjörður', 'Ísafjörður', 18, 24225, 6);
insert into Rooms (id, hotel_name, hotel_city, size, price, bed_count) values (68, 'Hotel Fjörður', 'Ísafjörður', 15, 14795, 7);
insert into Rooms (id, hotel_name, hotel_city, size, price, bed_count) values (69, 'Hotel Gentlespace', 'Ísafjörður', 14, 13098, 1);
insert into Rooms (id, hotel_name, hotel_city, size, price, bed_count) values (70, 'Hotel Gentlespace', 'Ísafjörður', 13, 9948, 2);
insert into Rooms (id, hotel_name, hotel_city, size, price, bed_count) values (71, 'Hotel Gentlespace', 'Ísafjörður', 20, 18792, 7);
insert into Rooms (id, hotel_name, hotel_city, size, price, bed_count) values (72, 'Hotel Kaldi', 'Ísafjörður', 16, 11461, 1);
insert into Rooms (id, hotel_name, hotel_city, size, price, bed_count) values (73, 'Hotel Egill Daði', 'Egilsstaðir', 14, 11639, 2);
insert into Rooms (id, hotel_name, hotel_city, size, price, bed_count) values (74, 'Hotel Egill Daði', 'Egilsstaðir', 13, 8116, 7);
insert into Rooms (id, hotel_name, hotel_city, size, price, bed_count) values (75, 'Hotel Hérað', 'Egilsstaðir', 13, 20892, 5);
insert into Rooms (id, hotel_name, hotel_city, size, price, bed_count) values (76, 'Hotel Hérað', 'Egilsstaðir', 18, 13006, 7);
insert into Rooms (id, hotel_name, hotel_city, size, price, bed_count) values (77, 'Hotel Hérað', 'Egilsstaðir', 17, 21534, 8);
insert into Rooms (id, hotel_name, hotel_city, size, price, bed_count) values (78, 'Hotel Hérað', 'Egilsstaðir', 13, 15207, 8);
insert into Rooms (id, hotel_name, hotel_city, size, price, bed_count) values (79, 'Hotel Lake', 'Egilsstaðir', 18, 19833, 7);
insert into Rooms (id, hotel_name, hotel_city, size, price, bed_count) values (80, 'Hotel Lake', 'Egilsstaðir', 15, 24191, 3);


insert into Hotel_tags (hotel_name, hotel_city, tag_name) values ('Hotel Holt', 'Reykjavík', 'Sundlaug');
insert into Hotel_tags (hotel_name, hotel_city, tag_name) values ('Hotel Holt', 'Reykjavík', 'Morgunmatur');
insert into Hotel_tags (hotel_name, hotel_city, tag_name) values ('Hotel Holt', 'Reykjavík', 'Diskótek');
insert into Hotel_tags (hotel_name, hotel_city, tag_name) values ('Hotel Holt', 'Reykjavík', 'Reiðhjólaleiga');
insert into Hotel_tags (hotel_name, hotel_city, tag_name) values ('Hotel Borg', 'Reykjavík', 'Morgunmatur');
insert into Hotel_tags (hotel_name, hotel_city, tag_name) values ('Hotel Borg', 'Reykjavík', 'Nálægt strönd');
insert into Hotel_tags (hotel_name, hotel_city, tag_name) values ('Hotel Borg', 'Reykjavík', 'Kvöldmatur');
insert into Hotel_tags (hotel_name, hotel_city, tag_name) values ('Hotel Borg', 'Reykjavík', 'Spa');
insert into Hotel_tags (hotel_name, hotel_city, tag_name) values ('Hotel Borg', 'Reykjavík', 'Líkamsrækt');
insert into Hotel_tags (hotel_name, hotel_city, tag_name) values ('Hotel Foss', 'Reykjavík', 'Líkamsrækt');
insert into Hotel_tags (hotel_name, hotel_city, tag_name) values ('Hotel Foss', 'Reykjavík', 'Sundlaug');
insert into Hotel_tags (hotel_name, hotel_city, tag_name) values ('Hotel Foss', 'Reykjavík', 'Diskótek');
insert into Hotel_tags (hotel_name, hotel_city, tag_name) values ('Hotel City', 'Reykjavík', 'Afþreyingarherbergi');
insert into Hotel_tags (hotel_name, hotel_city, tag_name) values ('Hotel City', 'Reykjavík', 'Morgunmatur');
insert into Hotel_tags (hotel_name, hotel_city, tag_name) values ('Hotel City', 'Reykjavík', 'Bílastæði');
insert into Hotel_tags (hotel_name, hotel_city, tag_name) values ('Hotel City', 'Reykjavík', 'Sundlaug');
insert into Hotel_tags (hotel_name, hotel_city, tag_name) values ('Hotel City', 'Reykjavík', 'Reiðhjólaleiga');
insert into Hotel_tags (hotel_name, hotel_city, tag_name) values ('Hotel Hlemmur Square', 'Reykjavík', 'Bílastæði');
insert into Hotel_tags (hotel_name, hotel_city, tag_name) values ('Hotel Hlemmur Square', 'Reykjavík', 'Diskótek');
insert into Hotel_tags (hotel_name, hotel_city, tag_name) values ('Hotel Hlemmur Square', 'Reykjavík', 'Bar');
insert into Hotel_tags (hotel_name, hotel_city, tag_name) values ('Hotel Hlemmur Square', 'Reykjavík', 'Morgunmatur');
insert into Hotel_tags (hotel_name, hotel_city, tag_name) values ('Hotel Artic Comfort', 'Reykjavík', 'Líkamsrækt');
insert into Hotel_tags (hotel_name, hotel_city, tag_name) values ('Hotel Artic Comfort', 'Reykjavík', 'Sundlaug');
insert into Hotel_tags (hotel_name, hotel_city, tag_name) values ('Hotel Artic Comfort', 'Reykjavík', 'Spa');
insert into Hotel_tags (hotel_name, hotel_city, tag_name) values ('Hotel Artic Comfort', 'Reykjavík', 'Nálægt strönd');
insert into Hotel_tags (hotel_name, hotel_city, tag_name) values ('Hotel Hilton', 'Reykjavík', 'Reiðhjólaleiga');
insert into Hotel_tags (hotel_name, hotel_city, tag_name) values ('Hotel Hilton', 'Reykjavík', 'Afþreyingarherbergi');
insert into Hotel_tags (hotel_name, hotel_city, tag_name) values ('Hotel Hilton', 'Reykjavík', 'Kvöldmatur');
insert into Hotel_tags (hotel_name, hotel_city, tag_name) values ('Hotel Hilton', 'Reykjavík', 'Morgunmatur');
insert into Hotel_tags (hotel_name, hotel_city, tag_name) values ('Hotel Hlíðarfjall', 'Akureyri', 'Morgunmatur');
insert into Hotel_tags (hotel_name, hotel_city, tag_name) values ('Hotel Hlíðarfjall', 'Akureyri', 'Skíðaleiga');
insert into Hotel_tags (hotel_name, hotel_city, tag_name) values ('Hotel Hlíðarfjall', 'Akureyri', 'Kvöldmatur');
insert into Hotel_tags (hotel_name, hotel_city, tag_name) values ('Hotel Hlíðarfjall', 'Akureyri', 'Líkamsrækt');
insert into Hotel_tags (hotel_name, hotel_city, tag_name) values ('Hotel Leifur Eiríksson', 'Akureyri', 'Morgunmatur');
insert into Hotel_tags (hotel_name, hotel_city, tag_name) values ('Hotel Leifur Eiríksson', 'Akureyri', 'Sundlaug');
insert into Hotel_tags (hotel_name, hotel_city, tag_name) values ('Hotel Leifur Eiríksson', 'Akureyri', 'Reiðhjólaleiga');
insert into Hotel_tags (hotel_name, hotel_city, tag_name) values ('Hotel Edda', 'Akureyri', 'Morgunmatur');
insert into Hotel_tags (hotel_name, hotel_city, tag_name) values ('Hotel Edda', 'Akureyri', 'Líkamsrækt');
insert into Hotel_tags (hotel_name, hotel_city, tag_name) values ('Hotel Edda', 'Akureyri', 'Bílastæði');
insert into Hotel_tags (hotel_name, hotel_city, tag_name) values ('Hotel Edda', 'Akureyri', 'Afþreyingarherbergi');
insert into Hotel_tags (hotel_name, hotel_city, tag_name) values ('Hotel Kea', 'Akureyri', 'Morgunmatur');
insert into Hotel_tags (hotel_name, hotel_city, tag_name) values ('Hotel Kea', 'Akureyri', 'Kvöldmatur');
insert into Hotel_tags (hotel_name, hotel_city, tag_name) values ('Hotel Kea', 'Akureyri', 'Spa');
insert into Hotel_tags (hotel_name, hotel_city, tag_name) values ('Hotel Kea', 'Akureyri', 'Sundlaug');
insert into Hotel_tags (hotel_name, hotel_city, tag_name) values ('Hotel Tryggvi', 'Akureyri', 'Afþreyingarherbergi');
insert into Hotel_tags (hotel_name, hotel_city, tag_name) values ('Hotel Tryggvi', 'Akureyri', 'Líkamsrækt');
insert into Hotel_tags (hotel_name, hotel_city, tag_name) values ('Hotel Tryggvi', 'Akureyri', 'Kvöldmatur');
insert into Hotel_tags (hotel_name, hotel_city, tag_name) values ('Hotel Tryggvi', 'Akureyri', 'Sundlaug');
insert into Hotel_tags (hotel_name, hotel_city, tag_name) values ('Hotel Fjörður', 'Ísafjörður', 'Bátaleiga');
insert into Hotel_tags (hotel_name, hotel_city, tag_name) values ('Hotel Fjörður', 'Ísafjörður', 'Morgunmatur');
insert into Hotel_tags (hotel_name, hotel_city, tag_name) values ('Hotel Fjörður', 'Ísafjörður', 'Veiðistangaleiga');
insert into Hotel_tags (hotel_name, hotel_city, tag_name) values ('Hotel Gentlespace', 'Ísafjörður', 'Spa');
insert into Hotel_tags (hotel_name, hotel_city, tag_name) values ('Hotel Gentlespace', 'Ísafjörður', 'Morgunmatur');
insert into Hotel_tags (hotel_name, hotel_city, tag_name) values ('Hotel Gentlespace', 'Ísafjörður', 'Kvöldmatur');
insert into Hotel_tags (hotel_name, hotel_city, tag_name) values ('Hotel Gentlespace', 'Ísafjörður', 'Sundlaug');
insert into Hotel_tags (hotel_name, hotel_city, tag_name) values ('Hotel Kaldi', 'Ísafjörður', 'Líkamsrækt');
insert into Hotel_tags (hotel_name, hotel_city, tag_name) values ('Hotel Kaldi', 'Ísafjörður', 'Afþreyingarherbergi');
insert into Hotel_tags (hotel_name, hotel_city, tag_name) values ('Hotel Kaldi', 'Ísafjörður', 'Reiðhjólaleiga');
insert into Hotel_tags (hotel_name, hotel_city, tag_name) values ('Hotel Egill Daði', 'Egilsstaðir', 'Reiðhjólaleiga');
insert into Hotel_tags (hotel_name, hotel_city, tag_name) values ('Hotel Egill Daði', 'Egilsstaðir', 'Morgunmatur');
insert into Hotel_tags (hotel_name, hotel_city, tag_name) values ('Hotel Egill Daði', 'Egilsstaðir', 'Sundlaug');
insert into Hotel_tags (hotel_name, hotel_city, tag_name) values ('Hotel Egill Daði', 'Egilsstaðir', 'Kvöldmatur');
insert into Hotel_tags (hotel_name, hotel_city, tag_name) values ('Hotel Hérað', 'Egilsstaðir', 'Morgunmatur');
insert into Hotel_tags (hotel_name, hotel_city, tag_name) values ('Hotel Hérað', 'Egilsstaðir', 'Spa');
insert into Hotel_tags (hotel_name, hotel_city, tag_name) values ('Hotel Hérað', 'Egilsstaðir', 'Afþreyingarherbergi');
insert into Hotel_tags (hotel_name, hotel_city, tag_name) values ('Hotel Lake', 'Egilsstaðir', 'Líkamsrækt');
insert into Hotel_tags (hotel_name, hotel_city, tag_name) values ('Hotel Lake', 'Egilsstaðir', 'Morgunmatur');
insert into Hotel_tags (hotel_name, hotel_city, tag_name) values ('Hotel Lake', 'Egilsstaðir', 'Hjólabátaleiga');
insert into Hotel_tags (hotel_name, hotel_city, tag_name) values ('Hotel Lake', 'Egilsstaðir', 'Veiðistangaleiga');


insert into Room_tags (room_id, tag_name) values (1, 'Wifi');
insert into Room_tags (room_id, tag_name) values (2, 'Sjónvarp');
insert into Room_tags (room_id, tag_name) values (2, 'Ísskápur');
insert into Room_tags (room_id, tag_name) values (2, 'Wifi');
insert into Room_tags (room_id, tag_name) values (3, 'Skipt um rúmföt á hverju degi');
insert into Room_tags (room_id, tag_name) values (4, 'Wifi');
insert into Room_tags (room_id, tag_name) values (4, 'Verkjaraklukka');
insert into Room_tags (room_id, tag_name) values (5, 'Sjónvarp');
insert into Room_tags (room_id, tag_name) values (5, 'Handklæði');
insert into Room_tags (room_id, tag_name) values (6, 'Handklæði');
insert into Room_tags (room_id, tag_name) values (7, 'Skipt um rúmföt á hverju degi');
insert into Room_tags (room_id, tag_name) values (7, 'Handklæði');
insert into Room_tags (room_id, tag_name) values (7, 'Wifi');
insert into Room_tags (room_id, tag_name) values (8, 'Ísskápur');
insert into Room_tags (room_id, tag_name) values (8, 'Wifi');
insert into Room_tags (room_id, tag_name) values (9, 'Handklæði');
insert into Room_tags (room_id, tag_name) values (9, 'Skipt um rúmföt á hverju degi');
insert into Room_tags (room_id, tag_name) values (9, 'Ísskápur');
insert into Room_tags (room_id, tag_name) values (9, 'Verkjaraklukka');
insert into Room_tags (room_id, tag_name) values (10, 'Sjónvarp');
insert into Room_tags (room_id, tag_name) values (10, 'Verkjaraklukka');
insert into Room_tags (room_id, tag_name) values (11, 'Sjónvarp');
insert into Room_tags (room_id, tag_name) values (11, 'Handklæði');
insert into Room_tags (room_id, tag_name) values (12, 'Sjónvarp');
insert into Room_tags (room_id, tag_name) values (12, 'Sturta');
insert into Room_tags (room_id, tag_name) values (13, 'Sjónvarp');
insert into Room_tags (room_id, tag_name) values (14, 'Sjónvarp');
insert into Room_tags (room_id, tag_name) values (14, 'Handklæði');
insert into Room_tags (room_id, tag_name) values (14, 'Sturta');
insert into Room_tags (room_id, tag_name) values (15, 'Sturta');
insert into Room_tags (room_id, tag_name) values (15, 'Ísskápur');
insert into Room_tags (room_id, tag_name) values (16, 'Wifi');
insert into Room_tags (room_id, tag_name) values (16, 'Ísskápur');
insert into Room_tags (room_id, tag_name) values (17, 'Wifi');
insert into Room_tags (room_id, tag_name) values (17, 'Ísskápur');
insert into Room_tags (room_id, tag_name) values (17, 'Handklæði');
insert into Room_tags (room_id, tag_name) values (18, 'Ísskápur');
insert into Room_tags (room_id, tag_name) values (18, 'Verkjaraklukka');
insert into Room_tags (room_id, tag_name) values (19, 'Ísskápur');
insert into Room_tags (room_id, tag_name) values (19, 'Sjónvarp');
insert into Room_tags (room_id, tag_name) values (20, 'Verkjaraklukka');
insert into Room_tags (room_id, tag_name) values (20, 'Ísskápur');
insert into Room_tags (room_id, tag_name) values (20, 'Sturta');
insert into Room_tags (room_id, tag_name) values (21, 'Skipt um rúmföt á hverju degi');
insert into Room_tags (room_id, tag_name) values (22, 'Sturta');
insert into Room_tags (room_id, tag_name) values (23, 'Sturta');
insert into Room_tags (room_id, tag_name) values (24, 'Ísskápur');
insert into Room_tags (room_id, tag_name) values (24, 'Sturta');
insert into Room_tags (room_id, tag_name) values (24, 'Handklæði');
insert into Room_tags (room_id, tag_name) values (25, 'Skipt um rúmföt á hverju degi');
insert into Room_tags (room_id, tag_name) values (25, 'Ísskápur');
insert into Room_tags (room_id, tag_name) values (26, 'Skipt um rúmföt á hverju degi');
insert into Room_tags (room_id, tag_name) values (27, 'Skipt um rúmföt á hverju degi');
insert into Room_tags (room_id, tag_name) values (27, 'Wifi');
insert into Room_tags (room_id, tag_name) values (28, 'Ísskápur');
insert into Room_tags (room_id, tag_name) values (28, 'Verkjaraklukka');
insert into Room_tags (room_id, tag_name) values (28, 'Sturta');
insert into Room_tags (room_id, tag_name) values (29, 'Ísskápur');
insert into Room_tags (room_id, tag_name) values (30, 'Sturta');
insert into Room_tags (room_id, tag_name) values (30, 'Ísskápur');
insert into Room_tags (room_id, tag_name) values (30, 'Skipt um rúmföt á hverju degi');
insert into Room_tags (room_id, tag_name) values (31, 'Verkjaraklukka');
insert into Room_tags (room_id, tag_name) values (31, 'Sturta');
insert into Room_tags (room_id, tag_name) values (31, 'Sjónvarp');
insert into Room_tags (room_id, tag_name) values (32, 'Skipt um rúmföt á hverju degi');
insert into Room_tags (room_id, tag_name) values (32, 'Handklæði');
insert into Room_tags (room_id, tag_name) values (32, 'Ísskápur');
insert into Room_tags (room_id, tag_name) values (33, 'Wifi');
insert into Room_tags (room_id, tag_name) values (33, 'Sturta');
insert into Room_tags (room_id, tag_name) values (33, 'Sjónvarp');
insert into Room_tags (room_id, tag_name) values (34, 'Sjónvarp');
insert into Room_tags (room_id, tag_name) values (34, 'Handklæði');
insert into Room_tags (room_id, tag_name) values (34, 'Wifi');
insert into Room_tags (room_id, tag_name) values (34, 'Skipt um rúmföt á hverju degi');
insert into Room_tags (room_id, tag_name) values (35, 'Ísskápur');
insert into Room_tags (room_id, tag_name) values (36, 'Handklæði');
insert into Room_tags (room_id, tag_name) values (36, 'Verkjaraklukka');
insert into Room_tags (room_id, tag_name) values (37, 'Sjónvarp');
insert into Room_tags (room_id, tag_name) values (37, 'Sturta');
insert into Room_tags (room_id, tag_name) values (37, 'Wifi');
insert into Room_tags (room_id, tag_name) values (38, 'Ísskápur');
insert into Room_tags (room_id, tag_name) values (38, 'Handklæði');
insert into Room_tags (room_id, tag_name) values (38, 'Skipt um rúmföt á hverju degi');
insert into Room_tags (room_id, tag_name) values (38, 'Verkjaraklukka');
insert into Room_tags (room_id, tag_name) values (38, 'Sjónvarp');
insert into Room_tags (room_id, tag_name) values (39, 'Handklæði');
insert into Room_tags (room_id, tag_name) values (39, 'Skipt um rúmföt á hverju degi');
insert into Room_tags (room_id, tag_name) values (39, 'Sjónvarp');
insert into Room_tags (room_id, tag_name) values (39, 'Ísskápur');
insert into Room_tags (room_id, tag_name) values (40, 'Skipt um rúmföt á hverju degi');
insert into Room_tags (room_id, tag_name) values (40, 'Wifi');
insert into Room_tags (room_id, tag_name) values (40, 'Sturta');
insert into Room_tags (room_id, tag_name) values (41, 'Handklæði');
insert into Room_tags (room_id, tag_name) values (41, 'Sjónvarp');
insert into Room_tags (room_id, tag_name) values (41, 'Verkjaraklukka');
insert into Room_tags (room_id, tag_name) values (42, 'Sturta');
insert into Room_tags (room_id, tag_name) values (43, 'Wifi');
insert into Room_tags (room_id, tag_name) values (43, 'Sjónvarp');
insert into Room_tags (room_id, tag_name) values (43, 'Handklæði');
insert into Room_tags (room_id, tag_name) values (43, 'Ísskápur');
insert into Room_tags (room_id, tag_name) values (44, 'Ísskápur');
insert into Room_tags (room_id, tag_name) values (44, 'Sturta');
insert into Room_tags (room_id, tag_name) values (45, 'Sturta');
insert into Room_tags (room_id, tag_name) values (46, 'Sturta');
insert into Room_tags (room_id, tag_name) values (47, 'Sjónvarp');
insert into Room_tags (room_id, tag_name) values (47, 'Skipt um rúmföt á hverju degi');
insert into Room_tags (room_id, tag_name) values (48, 'Sjónvarp');
insert into Room_tags (room_id, tag_name) values (48, 'Verkjaraklukka');
insert into Room_tags (room_id, tag_name) values (48, 'Sjónvarp');
insert into Room_tags (room_id, tag_name) values (48, 'Ísskápur');
insert into Room_tags (room_id, tag_name) values (49, 'Ísskápur');
insert into Room_tags (room_id, tag_name) values (50, 'Ísskápur');
insert into Room_tags (room_id, tag_name) values (50, 'Handklæði');
insert into Room_tags (room_id, tag_name) values (50, 'Skipt um rúmföt á hverju degi');
insert into Room_tags (room_id, tag_name) values (50, 'Sturta');
insert into Room_tags (room_id, tag_name) values (51, 'Handklæði');
insert into Room_tags (room_id, tag_name) values (52, 'Skipt um rúmföt á hverju degi');
insert into Room_tags (room_id, tag_name) values (52, 'Verkjaraklukka');
insert into Room_tags (room_id, tag_name) values (53, 'Ísskápur');
insert into Room_tags (room_id, tag_name) values (53, 'Skipt um rúmföt á hverju degi');
insert into Room_tags (room_id, tag_name) values (53, 'Verkjaraklukka');
insert into Room_tags (room_id, tag_name) values (53, 'Sjónvarp');
insert into Room_tags (room_id, tag_name) values (54, 'Ísskápur');
insert into Room_tags (room_id, tag_name) values (54, 'Verkjaraklukka');
insert into Room_tags (room_id, tag_name) values (54, 'Skipt um rúmföt á hverju degi');
insert into Room_tags (room_id, tag_name) values (54, 'Sturta');
insert into Room_tags (room_id, tag_name) values (55, 'Ísskápur');
insert into Room_tags (room_id, tag_name) values (55, 'Wifi');
insert into Room_tags (room_id, tag_name) values (55, 'Skipt um rúmföt á hverju degi');
insert into Room_tags (room_id, tag_name) values (56, 'Wifi');
insert into Room_tags (room_id, tag_name) values (56, 'Ísskápur');
insert into Room_tags (room_id, tag_name) values (57, 'Ísskápur');
insert into Room_tags (room_id, tag_name) values (57, 'Verkjaraklukka');
insert into Room_tags (room_id, tag_name) values (58, 'Skipt um rúmföt á hverju degi');
insert into Room_tags (room_id, tag_name) values (58, 'Sjónvarp');
insert into Room_tags (room_id, tag_name) values (58, 'Verkjaraklukka');
insert into Room_tags (room_id, tag_name) values (59, 'Wifi');
insert into Room_tags (room_id, tag_name) values (59, 'Verkjaraklukka');
insert into Room_tags (room_id, tag_name) values (59, 'Ísskápur');
insert into Room_tags (room_id, tag_name) values (60, 'Sturta');
insert into Room_tags (room_id, tag_name) values (60, 'Wifi');
insert into Room_tags (room_id, tag_name) values (61, 'Ísskápur');
insert into Room_tags (room_id, tag_name) values (61, 'Sturta');
insert into Room_tags (room_id, tag_name) values (61, 'Sjónvarp');
insert into Room_tags (room_id, tag_name) values (62, 'Sturta');
insert into Room_tags (room_id, tag_name) values (62, 'Wifi');
insert into Room_tags (room_id, tag_name) values (63, 'Skipt um rúmföt á hverju degi');
insert into Room_tags (room_id, tag_name) values (63, 'Handklæði');
insert into Room_tags (room_id, tag_name) values (64, 'Ísskápur');
insert into Room_tags (room_id, tag_name) values (65, 'Verkjaraklukka');
insert into Room_tags (room_id, tag_name) values (66, 'Sturta');
insert into Room_tags (room_id, tag_name) values (67, 'Sturta');
insert into Room_tags (room_id, tag_name) values (67, 'Handklæði');
insert into Room_tags (room_id, tag_name) values (68, 'Sjónvarp');
insert into Room_tags (room_id, tag_name) values (68, 'Verkjaraklukka');
insert into Room_tags (room_id, tag_name) values (68, 'Sturta');
insert into Room_tags (room_id, tag_name) values (68, 'Handklæði');
insert into Room_tags (room_id, tag_name) values (69, 'Wifi');
insert into Room_tags (room_id, tag_name) values (70, 'Wifi');
insert into Room_tags (room_id, tag_name) values (70, 'Sjónvarp');
insert into Room_tags (room_id, tag_name) values (70, 'Ísskápur');
insert into Room_tags (room_id, tag_name) values (70, 'Verkjaraklukka');
insert into Room_tags (room_id, tag_name) values (70, 'Handklæði');
insert into Room_tags (room_id, tag_name) values (71, 'Sjónvarp');
insert into Room_tags (room_id, tag_name) values (71, 'Skipt um rúmföt á hverju degi');
insert into Room_tags (room_id, tag_name) values (71, 'Ísskápur');
insert into Room_tags (room_id, tag_name) values (71, 'Sturta');
insert into Room_tags (room_id, tag_name) values (71, 'Verkjaraklukka');
insert into Room_tags (room_id, tag_name) values (72, 'Verkjaraklukka');
insert into Room_tags (room_id, tag_name) values (72, 'Ísskápur');
insert into Room_tags (room_id, tag_name) values (72, 'Skipt um rúmföt á hverju degi');
insert into Room_tags (room_id, tag_name) values (73, 'Ísskápur');
insert into Room_tags (room_id, tag_name) values (73, 'Sturta');
insert into Room_tags (room_id, tag_name) values (73, 'Skipt um rúmföt á hverju degi');
insert into Room_tags (room_id, tag_name) values (74, 'Skipt um rúmföt á hverju degi');
insert into Room_tags (room_id, tag_name) values (74, 'Sturta');
insert into Room_tags (room_id, tag_name) values (75, 'Ísskápur');
insert into Room_tags (room_id, tag_name) values (76, 'Skipt um rúmföt á hverju degi');
insert into Room_tags (room_id, tag_name) values (76, 'Verkjaraklukka');
insert into Room_tags (room_id, tag_name) values (77, 'Ísskápur');
insert into Room_tags (room_id, tag_name) values (77, 'Wifi');
insert into Room_tags (room_id, tag_name) values (77, 'Verkjaraklukka');
insert into Room_tags (room_id, tag_name) values (78, 'Handklæði');
insert into Room_tags (room_id, tag_name) values (78, 'Ísskápur');
insert into Room_tags (room_id, tag_name) values (78, 'Skipt um rúmföt á hverju degi');
insert into Room_tags (room_id, tag_name) values (78, 'Sturta');
insert into Room_tags (room_id, tag_name) values (79, 'Sjónvarp');
insert into Room_tags (room_id, tag_name) values (79, 'Verkjaraklukka');
insert into Room_tags (room_id, tag_name) values (79, 'Wifi');
insert into Room_tags (room_id, tag_name) values (80, 'Skipt um rúmföt á hverju degi');
insert into Room_tags (room_id, tag_name) values (80, 'Ísskápur');
